epoch,f0_scaled_loss,ld_scaled_loss,loss,val_f0_scaled_loss,val_ld_scaled_loss,val_loss
0,0.008340454660356045,0.010526427999138832,0.01886691153049469,0.0009999331086874008,0.003105940530076623,0.00410587340593338
1,0.0020207178313285112,0.0038032836746424437,0.005824005696922541,0.0007879881304688752,0.002470986219123006,0.0032589752227067947
2,0.001473112148232758,0.002972617279738188,0.0044457330368459225,0.0006237281486392021,0.0024507027119398117,0.0030744303949177265
3,0.0012856582179665565,0.002606488997116685,0.003892147447913885,0.0005402654060162604,0.002483762800693512,0.003024028381332755
4,0.0011335589224472642,0.002418475691229105,0.0035520342644304037,0.0007087020203471184,0.002178764436393976,0.0028874659910798073
5,0.0010684747248888016,0.0022536281030625105,0.0033221018966287374,0.000508035474922508,0.0024835693184286356,0.0029916055500507355
6,0.000989725231193006,0.0021919957362115383,0.0031817229464650154,0.0007836285512894392,0.0022918095346540213,0.0030754373874515295
7,0.0009285949636250734,0.0020936306100338697,0.0030222253408282995,0.00046938195009715855,0.0017168018966913223,0.0021861838176846504
8,0.0009106357465498149,0.0020013225730508566,0.002911957213655114,0.0004046692338306457,0.0019091436406597495,0.002313812728971243
